{"count":1,"self":2620.9910784,"total":13722.229121999999,"children":{"InitializeActuators":{"count":1,"self":0.00099669999999999989,"total":0.00099669999999999989,"children":null},"InitializeSensors":{"count":1,"self":0.0019932,"total":0.0019932,"children":null},"AgentSendState":{"count":10001834,"self":254.3074304,"total":495.8082091,"children":{"CollectObservations":{"count":2000367,"self":17.9587008,"total":17.958700399999998,"children":null},"WriteActionMask":{"count":2000367,"self":5.3633935999999993,"total":5.3633935999999993,"children":null},"RequestDecision":{"count":2000367,"self":22.0914704,"total":218.1786912,"children":{"AgentInfo.ToProto":{"count":2000367,"self":14.8850752,"total":196.0872206,"children":{"GenerateSensorData":{"count":2000367,"self":143.8060288,"total":181.20214479999999,"children":{"RayPerceptionSensor.Perceive":{"count":10001835,"self":37.3961184,"total":37.3961186,"children":null}}}}}}}}},"DecideAction":{"count":10001834,"self":10526.138368,"total":10526.138038,"children":null},"AgentAct":{"count":10001834,"self":79.1724928,"total":79.172494,"children":null},"AgentInfo.ToProto":{"count":1387,"self":0.0139551,"total":0.1152439,"children":{"GenerateSensorData":{"count":1387,"self":0.0787592,"total":0.1012888,"children":{"RayPerceptionSensor.Perceive":{"count":6935,"self":0.0225296,"total":0.0225296,"children":null}}}}}},"gauges":{"GWPet.CumulativeReward":{"count":1387,"max":19.5999451,"min":-838.800049,"runningAverage":-48.940094,"value":-56.3,"weightedAverage":-50.43738}},"metadata":{"timer_format_version":"0.1.0","start_time_seconds":"1736818942","unity_version":"2020.3.38f1","command_line_arguments":"C:\\Program Files\\Unity\\Hub\\Editor\\2020.3.38f1\\Editor\\Unity.exe -projectpath F:\\ultimate-volleyball-master\\ultimate-volleyball-master -useHub -hubIPC -cloudEnvironment production -licensingIpc LicenseClient-BlueCalx -hubSessionId 04357281-7c29-4942-8bc6-b212f5d544a6 -accessToken rIEXpf-pJGX2H0tVQQ6swITNcBrM0gKFbgbzkaWtRMw008f","communication_protocol_version":"1.5.0","com.unity.ml-agents_version":"2.1.0-exp.1","scene_name":"GodWorld","end_time_seconds":"1736832665"}}