{
    "name": "root",
    "metadata": {
        "timer_format_version": "0.1.0",
        "start_time_seconds": "1703074521",
        "python_version": "3.7.9 (tags/v3.7.9:13c94747c7, Aug 17 2020, 18:58:18) [MSC v.1900 64 bit (AMD64)]",
        "command_line_arguments": "F:\\PYTHON\\Scripts\\mlagents-learn PushMeOut.yaml --run-id=PMO_6 --time-scale=1",
        "mlagents_version": "0.27.0",
        "mlagents_envs_version": "0.27.0",
        "communication_protocol_version": "1.5.0",
        "pytorch_version": "1.7.1+cu110",
        "numpy_version": "1.21.2",
        "end_time_seconds": "1703074597"
    },
    "total": 76.47143849999999,
    "count": 1,
    "self": 0.002211500000001365,
    "children": {
        "run_training.setup": {
            "total": 0.028837899999999972,
            "count": 1,
            "self": 0.028837899999999972
        },
        "TrainerController.start_learning": {
            "total": 76.44038909999999,
            "count": 1,
            "self": 0.0003191000000128952,
            "children": {
                "TrainerController._reset_env": {
                    "total": 6.1348122,
                    "count": 1,
                    "self": 6.1348122
                },
                "TrainerController.advance": {
                    "total": 70.07543559999999,
                    "count": 2,
                    "self": 2.3299999980963548e-05,
                    "children": {
                        "env_step": {
                            "total": 70.07539080000001,
                            "count": 2,
                            "self": 70.0753727,
                            "children": {
                                "SubprocessEnvManager._take_step": {
                                    "total": 9.800000000836917e-06,
                                    "count": 2,
                                    "self": 9.800000000836917e-06
                                },
                                "workers": {
                                    "total": 8.30000000107134e-06,
                                    "count": 1,
                                    "self": 0.0,
                                    "children": {
                                        "worker_root": {
                                            "total": 14.758100899999999,
                                            "count": 1,
                                            "is_parallel": true,
                                            "self": 0.6758456999999964,
                                            "children": {
                                                "steps_from_proto": {
                                                    "total": 0.0002250000000003638,
                                                    "count": 1,
                                                    "is_parallel": true,
                                                    "self": 8.390000000080278e-05,
                                                    "children": {
                                                        "_process_rank_one_or_two_observation": {
                                                            "total": 0.00014109999999956102,
                                                            "count": 2,
                                                            "is_parallel": true,
                                                            "self": 0.00014109999999956102
                                                        }
                                                    }
                                                },
                                                "UnityEnvironment.step": {
                                                    "total": 14.082030200000002,
                                                    "count": 1,
                                                    "is_parallel": true,
                                                    "self": 8.420000000342043e-05,
                                                    "children": {
                                                        "UnityEnvironment._generate_step_input": {
                                                            "total": 4.38000000002603e-05,
                                                            "count": 1,
                                                            "is_parallel": true,
                                                            "self": 4.38000000002603e-05
                                                        },
                                                        "communicator.exchange": {
                                                            "total": 14.0817543,
                                                            "count": 1,
                                                            "is_parallel": true,
                                                            "self": 14.0817543
                                                        },
                                                        "steps_from_proto": {
                                                            "total": 0.00014789999999820225,
                                                            "count": 1,
                                                            "is_parallel": true,
                                                            "self": 6.639999999435986e-05,
                                                            "children": {
                                                                "_process_rank_one_or_two_observation": {
                                                                    "total": 8.150000000384239e-05,
                                                                    "count": 2,
                                                                    "is_parallel": true,
                                                                    "self": 8.150000000384239e-05
                                                                }
                                                            }
                                                        }
                                                    }
                                                }
                                            }
                                        }
                                    }
                                }
                            }
                        },
                        "trainer_advance": {
                            "total": 2.1499999999008423e-05,
                            "count": 1,
                            "self": 1.3100000000321188e-05,
                            "children": {
                                "process_trajectory": {
                                    "total": 8.399999998687235e-06,
                                    "count": 1,
                                    "self": 8.399999998687235e-06
                                }
                            }
                        }
                    }
                },
                "trainer_threads": {
                    "total": 6.999999868639861e-07,
                    "count": 1,
                    "self": 6.999999868639861e-07
                },
                "TrainerController._save_models": {
                    "total": 0.2298214999999999,
                    "count": 1,
                    "self": 0.0005829000000119322,
                    "children": {
                        "RLTrainer._checkpoint": {
                            "total": 0.22923859999998797,
                            "count": 1,
                            "self": 0.22923859999998797
                        }
                    }
                }
            }
        }
    }
}