{
    "name": "root",
    "metadata": {
        "timer_format_version": "0.1.0",
        "start_time_seconds": "1703075155",
        "python_version": "3.7.9 (tags/v3.7.9:13c94747c7, Aug 17 2020, 18:58:18) [MSC v.1900 64 bit (AMD64)]",
        "command_line_arguments": "F:\\PYTHON\\Scripts\\mlagents-learn PushMeOut.yaml --run-id=PMO_7 --time-scale=1",
        "mlagents_version": "0.27.0",
        "mlagents_envs_version": "0.27.0",
        "communication_protocol_version": "1.5.0",
        "pytorch_version": "1.7.1+cu110",
        "numpy_version": "1.21.2",
        "end_time_seconds": "1703075191"
    },
    "total": 35.2826325,
    "count": 1,
    "self": 0.004403299999999888,
    "children": {
        "run_training.setup": {
            "total": 0.028373499999999996,
            "count": 1,
            "self": 0.028373499999999996
        },
        "TrainerController.start_learning": {
            "total": 35.2498557,
            "count": 1,
            "self": 0.0219954999999743,
            "children": {
                "TrainerController._reset_env": {
                    "total": 3.7223585000000003,
                    "count": 1,
                    "self": 3.7223585000000003
                },
                "TrainerController.advance": {
                    "total": 31.394344700000016,
                    "count": 1130,
                    "self": 0.02137750000000338,
                    "children": {
                        "env_step": {
                            "total": 30.928538200000006,
                            "count": 1130,
                            "self": 26.577687200000103,
                            "children": {
                                "SubprocessEnvManager._take_step": {
                                    "total": 4.337137099999958,
                                    "count": 1130,
                                    "self": 0.05528379999998201,
                                    "children": {
                                        "TorchPolicy.evaluate": {
                                            "total": 4.281853299999976,
                                            "count": 1108,
                                            "self": 0.7630922999999932,
                                            "children": {
                                                "TorchPolicy.sample_actions": {
                                                    "total": 3.5187609999999827,
                                                    "count": 1108,
                                                    "self": 3.5187609999999827
                                                }
                                            }
                                        }
                                    }
                                },
                                "workers": {
                                    "total": 0.01371389999994399,
                                    "count": 1129,
                                    "self": 0.0,
                                    "children": {
                                        "worker_root": {
                                            "total": 32.0800263999999,
                                            "count": 1129,
                                            "is_parallel": true,
                                            "self": 6.765117399999916,
                                            "children": {
                                                "steps_from_proto": {
                                                    "total": 0.0019309000000000687,
                                                    "count": 1,
                                                    "is_parallel": true,
                                                    "self": 0.001779500000000489,
                                                    "children": {
                                                        "_process_rank_one_or_two_observation": {
                                                            "total": 0.00015139999999957965,
                                                            "count": 2,
                                                            "is_parallel": true,
                                                            "self": 0.00015139999999957965
                                                        }
                                                    }
                                                },
                                                "UnityEnvironment.step": {
                                                    "total": 25.312978099999984,
                                                    "count": 1129,
                                                    "is_parallel": true,
                                                    "self": 0.11048420000000547,
                                                    "children": {
                                                        "UnityEnvironment._generate_step_input": {
                                                            "total": 0.21583160000005197,
                                                            "count": 1129,
                                                            "is_parallel": true,
                                                            "self": 0.21583160000005197
                                                        },
                                                        "communicator.exchange": {
                                                            "total": 24.619157699999995,
                                                            "count": 1129,
                                                            "is_parallel": true,
                                                            "self": 24.619157699999995
                                                        },
                                                        "steps_from_proto": {
                                                            "total": 0.36750459999993357,
                                                            "count": 1129,
                                                            "is_parallel": true,
                                                            "self": 0.20581949999997207,
                                                            "children": {
                                                                "_process_rank_one_or_two_observation": {
                                                                    "total": 0.1616850999999615,
                                                                    "count": 2258,
                                                                    "is_parallel": true,
                                                                    "self": 0.1616850999999615
                                                                }
                                                            }
                                                        }
                                                    }
                                                }
                                            }
                                        }
                                    }
                                }
                            }
                        },
                        "trainer_advance": {
                            "total": 0.4444290000000084,
                            "count": 1129,
                            "self": 0.034703100000033515,
                            "children": {
                                "process_trajectory": {
                                    "total": 0.4097258999999749,
                                    "count": 1129,
                                    "self": 0.4097258999999749
                                }
                            }
                        }
                    }
                },